filename,width,height
& sign.svg,203.2mm,197.9644mm
1 foot Vancouver Island Bolt Holes.svg,5.5172796in,11.999927in
,,
,,
1065 cordero cresent.svg,815.19006mm,382.63708mm
1073.svg,659.05072mm,302.13196mm
1080 Ascension Way.svg,26.309528in,10.595255in
,,
,,
11th avenue.svg,659.05072mm,302.13193mm
1200px-Royal_Canadian_Mounted_Police.svg.png,,
,,
123 fake street address backing plate.svg,668.26208mm,269.11899mm
123 fake street address test.svg,668.26208mm,269.11896mm
,,
13 inch custom island size.svg,152.39198mm,331.11658mm
1328 Victoria Rd.svg,659.05072mm,302.13196mm
,,
1466.svg,32.094097in,15.064453in
147 maple ave.svg,815.19019mm,382.63712mm
1571.svg,711.20013mm,341.75882mm
,,
,,
1715.svg,418.45419mm,887.52832mm
1718 Sitka Address.svg,14.054547in,36.020237in
18 inch Vancouver Island.svg,310.70551mm,457.20001mm
181 midday RD.svg,679.4516mm,422.50079mm
1815.svg,355.60007mm,914.39996mm
19 westview drive.svg,659.05072mm,302.13196mm
,,
1944.svg,355.60007mm,914.39996mm
209 bayview drive.svg,679.44977mm,422.49969mm
2100.svg,16.474575in,34.942059in
214 Close Spacing Sitka Tree Address.svg,14.054548in,36.020214in
220 Cypress street.svg,659.05072mm,302.13196mm
2257 fancy address.svg,257.58432mm,609.59961mm
2284.svg,355.60007mm,914.39996mm
2459 spaced less.svg,355.60004mm,914.39996mm
,,
,,
,,
,,
,,
2790 with arrow.svg,14.109103in,36.064331in
,,
2968.svg,355.60007mm,914.39996mm
2979 spaced less.svg,355.60007mm,914.39996mm
3 foot Orca Bolt Holes.svg,914.3999mm,528.07953mm
,,
30'' elk address quote test 1.svg,762mm,520.69855mm
3111.svg,761.99963mm,520.69983mm
32 inch van isle.svg,859.36255mm,245.34669mm
,,
,,
,,
,,
3365 - 5ft.svg,698.70959mm,1478.3727mm
3517 fancy address.svg,10.141115in,23.999985in
3541 Decorative Address Sign.svg,10.141115in,23.999985in
36 inch Whale with Baby.svg,36in,17.483103in
,,
,,
3636 bishop cresent.svg,659.05072mm,302.13196mm
,,
,,
,,
,,
,,
3923.svg,355.60007mm,914.39996mm
,,
,,
,,
3D Moose Antlers.svg,29.99999in,10.187275in
3D Moose Head unjoined.svg,596.90002mm,446.65042mm
3D Moose Head.svg,32.194771in,12.000005in
4 ' Stainless Redwoord Tree.svg,467.28754mm,1219.2003mm
4 foot Alberta.svg,10.452436in,20.014854in
4 foot British Columbia Bolt Holes.svg,1219.2006mm,977.00586mm
4 foot haida gwaii bolt holes.svg,20.409122in,48.000061in
4 foot North Coast.svg,33.611443in,48.000061in
4 foot vancouver island with mainland.svg,634.99573mm,1219.2mm
4' stainless redwood tree.svg,467.28754mm,1219.2003mm
,,
,,
,,
,,
,,
,,
,,
,,
,,
4459 Michael Frost - 3' Sitka Tree.svg,14.054548in,36.020252in
,,
4571 9th avenue.svg,668.26208mm,269.11948mm
,,
,,
,,
,,
48 inch Whale with Baby.svg,47.999981in,23.310793in
,,
,,
5 foot Vancouver Island Bolt Holes.svg,26.104403in,56.310501in
5 foot Vancouver Island w Mainland.svg,800.11554mm,1523.9954mm
5 foot World Map_BACKUP.svg,60.343151in,34.241066in
,,
,,
,,
,,
,,
,,
,,
,,
5835.svg,56.358742in,36.314857in
6 inch van isle.svg,152.39989mm,43.574471mm
,,
,,
6450 - 3' Sitka Tree.svg,14.054548in,36.020218in
6958.svg,14.016238in,36.013481in
,,
,,
7058 - 3' Sitka Tree.svg,14.054548in,36.020218in
,,
,,
,,
8 inch van isle.svg,203.2001mm,58.099113mm
,,
901 2 foot bolt holes.svg,287.44174mm,609.60065mm
,,
993.svg,355.60007mm,914.39996mm
A mothers love .svg,30in,28.333334in
,,
,,
,,
,,
,,
Alberta Home.svg,12.533595in,24.000004in
Albino Bear.svg,24.000015in,10.888579in
,,
,,
,,
Alpha Male.svg,24.000002in,21.505878in
,,
,,
always kiss me goodnight.svg,660.40002mm,557.75085mm
Anas_platyrhynchos_flying.svg.png,,
,,
Anchor Name Sign - skipper .svg,20.00017in,29.999678in
,,
Anchor Name Sign.svg,20.00017in,29.999678in
Anchor Salmon.svg,419.09988mm,609.59998mm
anchor.svg,14.728903in,19.972757in
,,
,,
Army Star.svg,570,570
,,
aspen trees.svg,48in,26.893383in
,,
,,
,,
bacardi logo.svg,16in,16.060963in
,,
,,
,,
bass out of water.svg,395.54092mm,431.48801mm
,,
,,
Bear Coathanger.svg,35.999996in,23.357494in
bear family.svg,812.79999mm,723.90063mm
bear forest panel.svg,1524.0018mm,781.04974mm
,,
Bear Keyrack.svg,7.4711885in,7.8661504in
bear landscape panel II.svg,60.000008in,37.238541in
,,
bear mountain panel 5'.svg,60in,29.999989in
bear mountain panel Bolt Holes.svg,36in,17.999992in
bear mountain panel.svg,36in,18.000002in
,,
Bear Paw.svg,18.033283in,24in
bear sawblade 24 inch.svg,23.999989in,23.99999in
bear sawblade 30 inch.svg,30.000004in,30.000004in
bear sawblade 36 inch.svg,36.000019in,36.000004in
,,
,,
,,
,,
,,
,,
,,
,,
,,
,,
,,
Believe.svg,406.40042mm,125.32982mm
Berard monogram.svg,70in,70in
beware of dog.svg,254mm,194.07474mm
Bird Branch II.svg,30.000002in,10.097648in
,,
,,
Birds.svg,51.713848in,20.773495in
Bjornson Chainsaw.svg,28.000004in,13.455052in
,,
,,
Blued Stainless 4 foot Vancouver Island.svg,20.711584in,45.048428in
bluejays firepit.dxf,,
bluejays firepit.svg,254mm,355.59998mm
,,
,,
bmw logo 1.svg,24in,23.977898in
Bob Marley.svg,14.499996in,15.790536in
Bonsai Tree.svg,24in,24.000021in
,,
,,
,,
,,
,,
,,
,,
British Columbia Home Bolt Holes.svg,23.99999in,19.23251in
British Columbia Home.svg,23.99999in,19.23251in
,,
,,
,,
,,
bulldog.svg,215.89992mm,279.40039mm
Butler Test.svg,31.013117in,28.822239in
Butterfly Fireplace Screen Middle.svg,24.636719in,25.998371in
Butterfly Fireplace Screen Right.svg,11.501081in,25.99839in
Butterfly Fireplace Screen Template.svg,49.753662in,25.998394in
,,
butterflys & fairies.svg,500.83017mm,558.80103mm
Calgary Skyline.svg,48in,13.688902in
CAMERON.svg,31.099598in,30.000013in
camping life.svg,609.59998mm,812.79999mm
camping-hockey landscape panels.svg,1399.8525mm,304.80017mm
Canada.svg,46.551857in,39.639553in
Canadian Animals - Beaver.svg,609.59998mm,375.32388mm
Canadian Animals - Goose.svg,508.00208mm,480.47943mm
Canadian Animals Moose.svg,507.99985mm,513.4054mm
,,
Canadian Firepit maple leaf front.svg,355.71527mm,355.92987mm
Canadian Firepit.svg,355.59995mm,355.60001mm
canoe panel.svg,635mm,812.79999mm
Cappuccino Cup.svg,228.60027mm,271.82501mm
Captains Quarters.svg,660.40009mm,520.70001mm
Cards Render.svg,29.941818in,42.724464in
Cards.svg,29.941803in,42.72448in
Cat on the Moon II 12 inch.svg,12in,12in
Cat on the Moon II.svg,24in,24in
cat on the moon.svg,361.18182mm,406.40009mm
cat silhouette.svg,432.02008mm,432.02081mm
Chalmers Monogram.svg,29.607689in,28.560648in
Cheers Beers.svg,457.19998mm,380.99918mm
chicago cubs logo.svg,609.60004mm,639.48151mm
,,
chicken stake2.svg,336.72153mm,345.64725mm
chicken stakes.svg,381.495mm,457.20001mm
Chickens.svg,104.50318mm,82.38308mm
,,
,,
,,
,,
,,
,,
,,
,,
clayton 820.svg,26in,20.5in
,,
,,
compass rose 2 36 Inch.svg,8.2677164in,11.692913in
compass rose 2.svg,8.2677164in,11.692913in
Compass Rose 3 - no lettering.svg,36in,36in
,,
Coney 3062 .svg,26in,20.5in
Constellations.svg,24.000002in,23.085716in
,,
,,
,,
cowboy horseshoe.svg,8.2677164in,11.692913in
cowboy silhouette.svg,18.699997in,68in
cowboys.svg,234.15675mm,47.078602mm
crab - 24in.svg,24in,13.413845in
,,
,,
,,
Custom Address - 3' Sitka Tree - Ad Listing.svg,14.054547in,36.020218in
Custom Address - 3' Sitka Tree -6921 .svg,14.054548in,36.020218in
Custom Address - 3' Sitka Tree.svg,56.358742in,36.314857in
Custom Address - Chainsaw.svg,28.000004in,13.455052in
Custom Address - Forest - 2246 Blind Bay Road.svg,26.750063in,16.633863in
Custom Address - Forest - Ad Listing.svg,26.750063in,16.633863in
Custom Address - Forest - Darlene Peterson.svg,53.477997in,33.243855in
Custom Address - Forest - HUMPHREYS.svg,26.739147in,21.93774in
Custom Address - Forest.svg,26.750063in,16.633863in
Custom Address - Mountains - 851.svg,25.999987in,17.925983in
Custom Address - Mountains - The Ullocks.svg,25.999987in,17.925983in
Custom Address - Mountains 2105.svg,25.999981in,17.925941in
Custom Address - Mountains 4070.svg,25.999987in,17.925983in
Custom Address - Mountains.svg,25.999987in,17.925983in
Custom Address - Valerie Gerbracht.svg,26.750063in,16.633863in
Custom Address - Vancouver Island - Cliff Charron.svg,26.739153in,20.12524in
Custom Address - Vancouver Island Template - 404.svg,16.474575in,34.942059in
Custom Address - Vancouver Island Template.svg,16.474575in,34.942059in
,,
Custom Address Sign 879 Ash Street.svg,25.946878in,11.894958in
Custom Address Sign.svg,56.512047in,14.444884in
,,
,,
,,
Dallas Cowboys.svg,507.99994mm,483.9097mm
,,
decorative address sign - 18 .svg,10.141115in,23.999985in
decorative address sign - 18 final.svg,10.141115in,23.999985in
decorative address sign - 7085.svg,10.141115in,23.999985in
decorative address sign.svg,10.141115in,23.999985in
Decorative Hummingbird.svg,20.789719in,18in
Deer Address Sign 4491.svg,26in,20.5in
Deer Address Sign Template.svg,17.759773in,13.954049in
Deer Antler Monogram B.svg,24in,17.540537in
Deer Antler Monogram.svg,150.62462in,189.52211in
,,
Deer Clock Sawblade 24 inch.svg,24in,23.999998in
Deer Clock Sawblade 36 inch.svg,36in,35.999996in
deer mountain panel.svg,609.59973mm,628.65002mm
,,
,,
deer silhouette 2.svg,147.68881mm,304.79999mm
,,
Deschamps Monogram 18.svg,17.999105in,16.653461in
Desert Address Template.svg,32.000011in,20.5in
Diamond.svg,12in,10.612024in
,,
,,
Dinosaur Address.svg,35.359741in,11.999979in
DIY World Map Stencil.svg,36in,23.999998in
Dodds monogram .svg,31.012947in,28.693409in
Dodds monogram 1.svg,19.454552in,18.000151in
,,
,,
,,
dog reeds.svg,457.19998mm,507.99997mm
,,
,,
,,
dragonfly fancy.svg,8.2677164in,11.692913in
drawing-1.svg,5.5172796in,11.999927in
,,
Dreamcatcher 2.svg,11.990171in,24.000021in
,,
dubbert.svg,70in,70in
,,
,,
,,
,,
,,
,,
,,
,,
,,
duck pond panel.svg,457.20001mm,304.80002mm
E - 965.svg,16.474802in,34.942101in
,,
,,
,,
Eat & Drink.svg,5.9375in,7.8541665in
Egyptian Eye.svg,6in,3.7038732in
,,
,,
,,
,,
,,
,,
,,
,,
,,
,,
Family Date - Sparrow.svg,24in,11.866385in
Family Date Template.svg,24in,11.866385in
Family Forever Bolt Holes.svg,33.12138in,12.157529in
Family Forever.svg,33.12138in,12.157529in
,,
Family Keyrack.svg,8.5687065in,7.5640988in
,,
Fancy Feather.svg,24in,23.710058in
feather cutout.svg,203.2mm,406.39999mm
,,
,,
,,
,,
,,
,,
,,
fighting elk panel ii.svg,1207.7025mm,597.90796mm
,,
,,
,,
,,
,,
,,
,,
,,
,,
,,
,,
,,
,,
,,
,,
,,
,,
,,
,,
,,
,,
,,
,,
Fisherman Sawblade 24 inch.svg,23.999998in,24in
Fisherman Sawblade 36 inch.svg,35.999992in,36in
,,
,,
,,
Fleur De Lis.svg,18.453989in,24in
,,
,,
,,
,,
Forest Address - Montrose Place 2825 - 3rd ave.svg,53.676746in,16.622025in
Forest Address - Wren.svg,26.750063in,16.633863in
,,
,,
,,
,,
forest address 4362.svg,622.59283mm,478.0423mm
,,
,,
,,
,,
,,
,,
forest panel.svg,50in,35.875in
,,
fox family.svg,609.59998mm,438.15002mm
,,
Friends.svg,570,570
frog.svg,594,594
,,
,,
Gagnon Test.svg,31.01309in,30.802355in
,,
,,
,,
geometric mountains 2.svg,914.40002mm,306.74628mm
,,
,,
george johns winter salmon.svg,19.800011in,36in
Get Naked 2.svg,16in,6.4127922in
Get Naked II 30.svg,29.940153in,12.000012in
Get Naked proof.svg,16in,6.4127922in
,,
Giraffe.svg,570,570
Girl Boss.svg,570,369
Gord Downie.svg,24in,23.09519in
Great Lakes.svg,24in,14.507422in
,,
GREEN monogram G.svg,31.01309in,30.802355in
,,
,,
,,
,,
,,
,,
,,
haida gwaii pendant.svg,0.95312542in,2.5000055in
,,
harley davidson logo.svg,25in,19.716984in
,,
,,
,,
Heart Tree of Life.svg,1924.4719,1791.2041
,,
heron.svg,257.48682mm,404.55124mm
,,
,,
,,
,,
Holographic Inukshuk Keychain.svg,1.572798in,2.4251685in
Holographic Maple Leaf Keychain.svg,1.9999901in,2.361954in
Home Sweet Home 2.svg,24in,24in
,,
Horse Address Template.svg,23.999998in,24.155136in
,,
,,
,,
,,
hugging a large off sign.svg,830,639
hummingbird panel.svg,295,346.25
,,
,,
humpback whale 4ft right facing.svg,1219.2mm,550.20563mm
,,
I Dont Give A Rats Ass.svg,570,428
,,
I love you to the moon & back.svg,11.999988in,22.000002in
,,
,,
,,
Infinity Heart 16 inch.svg,16in,13.772273in
Infinity Heart.svg,24in,20.658411in
Infinity You & Me - 10in.svg,10.00462in,3.7405622in
Infinity You & Me - 24in.svg,24in,8.9001293in
,,
inspirational quote.svg,508mm,152.1091mm
,,
,,
,,
,,
,,
,,
Jellyfish 2.svg,16in,39.473808in
,,
,,
Jera.svg,304.79999mm,304.79999mm
,,
,,
,,
Kershaw Monogram.svg,17.99996in,17.186216in
king david.svg,33.642506in,48.000011in
,,
,,
,,
,,
kurt cobain bolt holes.svg,23.999998in,15.000031in
,,
labrador and newfoundland Home.svg,16.039223in,23.999983in
Lake and Mountains Left.svg,11.534606in,26.001465in
Lake and Mountains Middle.svg,24.636719in,25.998371in
Lake and Mountains Right.svg,12.476664in,25.998394in
Lake and Mountains Template.svg,49.553913in,26.001465in
Landscape Address - 10461.svg,32.094101in,15.064453in
Landscape Address Sign Template.svg,32.094101in,15.064453in
,,
,,
,,
Landscape adress lusk lake.svg,815.19006mm,381.50351mm
,,
Landscape panel.svg,48in,36in
Leaf Metal Art.svg,18in,21.548481in
,,
,,
,,
,,
lighthouse panel.svg,19.999998in,14.718307in
,,
little birdie base.svg,99.743622mm,61.872898mm
Little Birdie.svg,157.80197mm,120.85402mm
,,
logging truck sawblade 24 inch.svg,8.2677164in,11.692913in
logging truck sawblade 36 inch.svg,8.2677164in,11.692913in
,,
lone tree panel.svg,23.999998in,29.999992in
lotus flower.svg,304.79999mm,174.7327mm
,,
,,
luxury van isle mainland _Just Mainland.svg,15.226196in,35.991325in
Luxury Vancouver Island 3 foot.svg,18.732264in,35.991211in
Luxury Vancouver Island 5 foot.svg,32.904602in,61.014935in
Luxury Vancouver Island Backing Plate.svg,511.30832mm,939.71008mm
Luxury Vancouver Island _No mainland.svg,15.534461in,33.778305in
,,
,,
,,
,,
Manatee.svg,33.484318in,48in
Mandala.svg,37in,37in
,,
Mangrove Tree.svg,304.79877mm,349.76239mm
Manitoba Home .svg,16.565226in,24.000002in
map of the earth mounting instructions V2.svg,19.5mm,26mm
,,
,,
maple leaf.svg,220.22603mm,250.36739mm
,,
,,
,,
,,
martin mars water bomber.svg,8.2677164in,11.692913in
MartinMarsFirepit 1.svg,822.6778mm,407.10556mm
mechanical clock face.svg,508mm,509.64172mm
mermaid.svg,3456,2605.8506
,,
,,
Miller Monogram.svg,36in,36.253845in
Mini Wine Keychain Cut File.svg,1.8696272in,2.269572in
Mini Wine Keychain Working File.svg,1.8696272in,2.269572in
montreal canadiens.svg,23.999992in,16.343779in
moon eclipse keychain cut file.svg,2.3253503in,1.8218656in
moon eclipse keychain working file.svg,2.3253503in,1.8218671in
moon eclipse.svg,495.29999mm,440.22806mm
,,
,,
Moose Coathanger.svg,22.999998in,13.243971in
,,
,,
Mopar sign.svg,12.000001in,11.502055in
,,
,,
,,
,,
,,
,,
,,
,,
,,
,,
,,
,,
,,
,,
Mountain Scene.svg,24in,18.255054in
,,
mountains - Tedesco.svg,25.999979in,17.925917in
,,
,,
,,
,,
Multiplate River Masterpiece.svg,609.59998mm,589.82269mm
New Brunswick Home 40in.svg,40.000019in,33.012802in
New Brunswick Home.svg,24.00008in,19.807745in
new deer 1.svg,451.09827mm,354.43286mm
,,
,,
new fireplace screens-Mountain.svg,1258.6694mm,660.43719mm
,,
,,
,,
,,
,,
No Trespassing pirate.svg,660.39996mm,404.57782mm
,,
Northwest Territories Home.svg,14.427039in,23.995314in
nova scotia home.svg,24.000025in,18.545116in
,,
Nunavut Home.svg,21.492733in,23.997776in
,,
,,
Octopus 2.svg,24.104216in,30in
,,
,,
,,
,,
,,
,,
,,
,,
,,
,,
,,
,,
,,
,,
Ontario Home.svg,21.791769in,24.000038in
,,
Origami Birds.svg,570,570
,,
ORR monogram.svg,70in,70in
,,
owl.svg,7.0586133in,8in
,,
,,
Palm Tree Address template - 3832.svg,26.000002in,17.333385in
Palm Tree Address template.svg,26.000002in,17.333385in
,,
Patina Square 16 x 20.svg,12in,12in
Patina Square 19 x 28.svg,12in,12in
Patina Square 8 x 16.svg,12in,12in
,,
Patterned Moon.svg,24in,24in
,,
,,
Pine Tree Address - 108.svg,578.17426mm,190.50644mm
Pine Tree Address - 142.svg,578.17426mm,190.50644mm
Pine Tree Address Template 3 digit.svg,1617.345mm,532.89264mm
Pine Tree Address Template.svg,1859.7185mm,532.89264mm
Pine Trees.svg,24.005545in,12.731522in
Pineapple.svg,570,570
Pirate Coin Engraving.svg,44.450401mm,44.107849mm
,,
,,
pirate wall banner.svg,311.58719mm,516.42206mm
pirateship.svg,563.38776mm,480.33737mm
PlayRoom.svg,570,433
Poole Monogram.svg,18in,16.714867in
Prince Edward island Home.svg,24.000036in,15.760007in
,,
,,
,,
Quebec Home.svg,17.881502in,24.002762in
,,
Raiders.svg,2039.7902,2340
,,
,,
,,
,,
,,
,,
,,
,,
RCMP badge crown.svg,348.68515mm,311.86456mm
,,
,,
,,
,,
,,
,,
,,
,,
,,
,,
,,
,,
,,
,,
,,
RCMP badge draft final simplified qoute version.svg,761.47607mm,873.35944mm
,,
,,
RCMP badge final all parts.svg,30.736189in,41.633995in
,,
,,
,,
,,
,,
,,
,,
,,
,,
redwood tree.svg,240.62788mm,406.05487mm
,,
,,
,,
Rolling Pin.svg,1728,1333.9431
,,
rose silhouette.svg,176.69553mm,304.79999mm
,,
,,
Sailboat Address Template.svg,16.999998in,18.164696in
,,
salmon cut file.svg,92070,34110
salmon out of water.svg,477.69656mm,457.20013mm
salmon.svg,92070,34110
,,
Salzer Monogram.svg,36in,34.728725in
Salzer Monogram.svg.2020_05_04_10_59_40.0.svg,36in,34.728725in
Salzer Monogram.svg.2020_05_04_11_00_55.0.svg,36in,34.728725in
san fransisco 49er's.svg,614.02679mm,204.29884mm
,,
Saskatchewan Home.svg,10.854166in,23.999998in
,,
,,
Sawblade Train 24 inch.svg,23.999983in,23.956404in
Sawblade Train 36 inch.svg,36in,36.000011in
,,
school of fish.svg,390.24557mm,182.88002mm
,,
,,
,,
seahorse 36 inch.svg,599.17389mm,914.40002mm
seahorse 48 inch.svg,798.89862mm,1219.2mm
seahorse.svg,299.58691mm,457.19992mm
Semi-Truck Address Template.svg,23.999998in,8.4157in
Senft monogram.svg,70in,70in
shawnigan lake.svg,145.83701mm,307.77844mm
shelby cobra.svg,304.79999mm,305.30011mm
shiels place.svg,660.40002mm,455.31827mm
sitka 10 foot.svg,890.47876mm,3048mm
sitka 12 inch no holes.svg,89.135307mm,304.80002mm
sitka 12 inch.svg,89.13546mm,304.80048mm
sitka 18 inch.svg,133.68951mm,457.19995mm
sitka 22 inch no holes.svg,163.19307mm,558.80029mm
sitka 22 inch.svg,163.19308mm,558.79895mm
sitka 24 inch.svg,178.14548mm,609.99908mm
sitka 30 Inch.svg,8.7645273in,30in
sitka 36 inch no holes.svg,10.517433in,36.000004in
sitka 36 inch.svg,10.517433in,36.000004in
sitka 4 foot.svg,356.19177mm,1219.2mm
sitka 5 feet.svg,1525.1509mm,445.57596mm
sitka 6 foot.svg,1828.8mm,534.28766mm
sitka 7 foot.svg,623.33563mm,2133.6001mm
sitka 7 inch no holes.svg,51.995617mm,177.79997mm
sitka 7 inch.svg,51.996338mm,177.80118mm
sitka 8 foot.svg,712.38361mm,2438.3999mm
sitka 9 foot.svg,801.43085mm,2743.2mm
sitka 9 inch no holes.svg,66.851509mm,228.60011mm
sitka 9 inch.svg,66.851395mm,228.59962mm
sitka address 10100.svg,355.60007mm,914.39996mm
Sitka Address 1825.svg,14.054547in,36.020237in
Sitka Address 20297.svg,56.358742in,36.314857in
,,
Sitka Address 2360.svg,14.054547in,36.020237in
,,
,,
sitka address 2805.svg,14.054547in,36.020237in
,,
sitka address 3'   3616.svg,355.60007mm,914.39996mm
sitka address 3' 4297.svg,355.60007mm,914.39996mm
,,
,,
,,
,,
,,
,,
,,
Sitka Address 5' backing plate.svg,94.219063mm,1182.3439mm
Sitka Address 5'.svg,526.54285mm,1524mm
sitka address 644.svg,56.358742in,36.314857in
,,
Sitka Address 7564.svg,14.054547in,36.020237in
,,
,,
,,
Sitka Crescent Moon 30in.svg,22.607157in,27.635036in
Sitka Crescent Moon website copy.svg,22.607157in,27.635036in
Sitka Crescent Moon.svg,22.607157in,27.635036in
sitka Set.svg,102.67641in,36.000004in
Sitka Tree Keyrack.svg,8.2677164in,11.692913in
,,
,,
,,
Smith Test.svg,31.019772in,29.92437in
,,
Snail.svg,152.39999mm,71.080795mm
,,
,,
spaceship.svg,424.33917mm,558.79999mm
,,
,,
,,
Split letter monogram Smith Multisize.svg,36in,34.728725in
split letter monograms.svg,70in,70in
,,
Sproat Lake 4' with bolt-holes.svg,48.000008in,13.645116in
Sproat Lake 4'.svg,48.000008in,13.645116in
squid.svg,272.5766mm,660.40002mm
,,
,,
Stainless Salmon.svg,18.806952in,18.000006in
stainless starfish.svg,149.47766mm,146.50101mm
,,
,,
standing sitka bear.svg,95.188324mm,54.090816mm
,,
,,
,,
,,
,,
,,
standing sitka with moose plate.svg,238.125mm,60.324997mm
,,
steel roses 6 inch.svg,3.9999824in,6.2925954in
,,
,,
straight outta__Template.svg,368.29993mm,381.01837mm
,,
,,
,,
,,
surf panel.svg,609.59998mm,406.39999mm
Suzanne Moore Monogram.svg,18.00001in,17.117996in
,,
swimming turtle.svg,304.79999mm,295.38312mm
,,
,,
,,
,,
,,
,,
,,
Test Name Monogram.svg,30.091427in,29.165033in
,,
,,
,,
,,
,,
,,
,,
Thunderbird.svg,11.999998in,7.0000043in
,,
Tofino.svg,812.7998mm,254.00008mm
,,
,,
,,
,,
,,
,,
,,
,,
,,
,,
,,
Toronto Skyline.svg,47.999996in,15.360003in
Town Scene.svg,16in,23.652983in
,,
,,
Tree Branch Address - 4641.svg,28.00001in,15.049994in
Tree Branch Address Template.svg,28.00001in,15.049994in
Tree Coathanger.svg,22.999996in,15.437043in
tree group 16 inch bolt holes.svg,8in,8in
tree group 16 inch.svg,8in,8in
tree group 2 foot bolt holes.svg,8in,8in
tree group 2 foot.svg,8in,8in
Tree Group Address - 15041.svg,24.511528in,18.820562in
Tree Group Address -3862.svg,24.511528in,18.820562in
Tree Group Address -3862.svg.2019_10_10_17_56_39.0.svg,24.511528in,18.820562in
Tree Group Address -7450.svg,24.511528in,18.820562in
Tree Group Address -7820.svg,24.511528in,18.820562in
Tree Group Address 217.svg,24.511528in,18.820562in
Tree Group Address 3'.svg,36.000008in,27.641685in
Tree Group Address 36 x 22 2111.svg,35.999989in,21.999985in
Tree Group Address 6422.svg,24.511528in,18.820562in
Tree Group Address Ad Listing.svg,24.511528in,18.820562in
Tree Group Address.svg,24.511528in,18.820562in
tree horse.svg,610.27014mm,457.19989mm
,,
tree mountain group.svg,25.999989in,36.000008in
,,
,,
,,
Tree of Life II.svg,609.59991mm,610.41486mm
,,
,,
tree sawblade 24 inch.svg,23.999998in,24in
tree sawblade 36 inch.svg,35.999992in,36in
,,
,,
,,
,,
,,
,,
,,
,,
,,
,,
,,
,,
Trees Left.svg,11.5in,26in
Trees Middle.svg,24.625002in,26.000002in
,,
Trees Right.svg,11.500002in,26.000002in
Trees Template.svg,49.552822in,26.053303in
Trees with Sasquatch Left.svg,11.495268in,25.99589in
Trees with Sasquatch Middle.svg,24.618166in,25.980671in
Trees with Sasquatch Right.svg,11.50108in,26.002075in
Trees with Sasquatch Template.svg,52.768208in,26.356281in
,,
Tribal dragon.svg,660.39978mm,712.38806mm
,,
,,
,,
Two Plate Address Sign Template.svg,26.309528in,10.595255in
,,
Utensils.svg,570,855
,,
,,
,,
,,
,,
,,
,,
,,
,,
,,
,,
,,
,,
,,
vancouver island 3 foot just the island.svg,268.82901mm,940.961mm
,,
,,
,,
,,
vancouver island 4 foot luxury version.svg,511.30881mm,939.71008mm
,,
Vancouver island 4' Extended.svg,44.99987in,59.999771in
vancouver island 5 foot custom shawnigan lake version.svg,800.11554mm,1523.9954mm
,,
Vancouver island 5' Extended.svg,44.99987in,59.999771in
,,
,,
,,
,,
,,
,,
,,
,,
,,
,,
Vancouver Island Home Brass Version.svg,13.928619in,6.0008945in
vancouver island home no6.svg,24.00001in,6.8495774in
Vancouver Island Home.svg,13.928619in,6.0008945in
,,
,,
,,
,,
vancouver island pendant.svg,2.5000057in,0.71109676in
,,
,,
Vancouver Skyline.svg,48in,9.3825302in
,,
We Dont Call 911.svg,24in,13.086785in
,,
,,
,,
,,
what a fungi mushroom!.svg,516.93365mm,461.66226mm
,,
,,
Wiener Roast.svg,14.472176in,11.438215in
,,
,,
,,
,,
,,
,,
,,
,,
,,
Witt Test.svg,31.097725in,26.625435in
,,
,,
Wolf Pair.svg,603.13519mm,609.59998mm
,,
,,
wolf silhouette.svg,431.80008mm,609.60004mm
,,
World Map (Robinson Projection).svg,60.000004in,30.405519in
,,
ying yang skull.svg,406.39996mm,406.39999mm
ying yang tree.svg,406.40002mm,406.40002mm
,,
,,
you & me.svg,355.60001mm,160.49414mm
,,
you will forever be my always.svg,330.85706mm,659.75177mm
Yukon Home.svg,17.969021in,24.000015in
zombies keep out.svg,634.99976mm,295.35257mm